date_sk,full_date,year,month,mth_lng_name,cal_wk_nbr,cal,day_of_year,day_of_month,day_of_week,day_name,wk_day_name,wk_end_sun_sat,wk_end_mon_sun
8162,5/5/2022,2022,5,May,19,Week,125,5,5,Thursday,Weekday,5/7/2022,5/8/2022
8586,7/3/2023,2023,7,July,27,Week,184,3,2,Monday,Weekday,7/8/2023,7/9/2023
8581,6/28/2023,2023,6,June,26,Week,179,28,4,Wednesday,Weekday,7/1/2023,7/2/2023
8749,12/13/2023,2023,12,December,50,Week,347,13,4,Wednesday,Weekday,12/16/2023,12/17/2023
8164,5/7/2022,2022,5,May,19,Week,127,7,7,Saturday,Weekend,5/7/2022,5/8/2022
8303,9/23/2022,2022,9,September,39,Week,266,23,6,Friday,Weekday,9/24/2022,9/25/2022
8677,10/2/2023,2023,10,October,40,Week,275,2,2,Monday,Weekday,10/7/2023,10/8/2023
8275,8/26/2022,2022,8,August,35,Week,238,26,6,Friday,Weekday,8/27/2022,8/28/2022
8696,10/21/2023,2023,10,October,42,Week,294,21,7,Saturday,Weekend,10/21/2023,10/22/2023
8055,1/18/2022,2022,1,January,4,Week,18,18,3,Tuesday,Weekday,1/22/2022,1/23/2022
8161,5/4/2022,2022,5,May,19,Week,124,4,4,Wednesday,Weekday,5/7/2022,5/8/2022
8294,9/14/2022,2022,9,September,38,Week,257,14,4,Wednesday,Weekday,9/17/2022,9/18/2022
8381,12/10/2022,2022,12,December,50,Week,344,10,7,Saturday,Weekend,12/10/2022,12/11/2022
8724,11/18/2023,2023,11,November,46,Week,322,18,7,Saturday,Weekend,11/18/2023,11/19/2023
8470,3/9/2023,2023,3,March,10,Week,68,9,5,Thursday,Weekday,3/11/2023,3/12/2023
8252,8/3/2022,2022,8,August,32,Week,215,3,4,Wednesday,Weekday,8/6/2022,8/7/2022
8257,8/8/2022,2022,8,August,33,Week,220,8,2,Monday,Weekday,8/13/2022,8/14/2022
8217,6/29/2022,2022,6,June,27,Week,180,29,4,Wednesday,Weekday,7/2/2022,7/3/2022
8652,9/7/2023,2023,9,September,36,Week,250,7,5,Thursday,Weekday,9/9/2023,9/10/2023
8436,2/3/2023,2023,2,February,5,Week,34,3,6,Friday,Weekday,2/4/2023,2/5/2023
8723,11/17/2023,2023,11,November,46,Week,321,17,6,Friday,Weekday,11/18/2023,11/19/2023
8729,11/23/2023,2023,11,November,47,Week,327,23,5,Thursday,Weekday,11/25/2023,11/26/2023
8071,2/3/2022,2022,2,February,6,Week,34,3,5,Thursday,Weekday,2/5/2022,2/6/2022
8181,5/24/2022,2022,5,May,22,Week,144,24,3,Tuesday,Weekday,5/28/2022,5/29/2022
8163,5/6/2022,2022,5,May,19,Week,126,6,6,Friday,Weekday,5/7/2022,5/8/2022
8515,4/23/2023,2023,4,April,17,Week,113,23,1,Sunday,Weekend,4/29/2023,4/23/2023
8247,7/29/2022,2022,7,July,31,Week,210,29,6,Friday,Weekday,7/30/2022,7/31/2022
8750,12/14/2023,2023,12,December,50,Week,348,14,5,Thursday,Weekday,12/16/2023,12/17/2023
8543,5/21/2023,2023,5,May,21,Week,141,21,1,Sunday,Weekend,5/27/2023,5/21/2023
8135,4/8/2022,2022,4,April,15,Week,98,8,6,Friday,Weekday,4/9/2022,4/10/2022
8245,7/27/2022,2022,7,July,31,Week,208,27,4,Wednesday,Weekday,7/30/2022,7/31/2022
8369,11/28/2022,2022,11,November,49,Week,332,28,2,Monday,Weekday,12/3/2022,12/4/2022
8624,8/10/2023,2023,8,August,32,Week,222,10,5,Thursday,Weekday,8/12/2023,8/13/2023
8179,5/22/2022,2022,5,May,22,Week,142,22,1,Sunday,Weekend,5/28/2022,5/22/2022
8746,12/10/2023,2023,12,December,50,Week,344,10,1,Sunday,Weekend,12/16/2023,12/10/2023
8226,7/8/2022,2022,7,July,28,Week,189,8,6,Friday,Weekday,7/9/2022,7/10/2022
8110,3/14/2022,2022,3,March,12,Week,73,14,2,Monday,Weekday,3/19/2022,3/20/2022
8587,7/4/2023,2023,7,July,27,Week,185,4,3,Tuesday,Weekday,7/8/2023,7/9/2023
8582,6/29/2023,2023,6,June,26,Week,180,29,5,Thursday,Weekday,7/1/2023,7/2/2023
8165,5/8/2022,2022,5,May,20,Week,128,8,1,Sunday,Weekend,5/14/2022,5/8/2022
8304,9/24/2022,2022,9,September,39,Week,267,24,7,Saturday,Weekend,9/24/2022,9/25/2022
8678,10/3/2023,2023,10,October,40,Week,276,3,3,Tuesday,Weekday,10/7/2023,10/8/2023
8276,8/27/2022,2022,8,August,35,Week,239,27,7,Saturday,Weekend,8/27/2022,8/28/2022
8697,10/22/2023,2023,10,October,43,Week,295,22,1,Sunday,Weekend,10/28/2023,10/22/2023
8056,1/19/2022,2022,1,January,4,Week,19,19,4,Wednesday,Weekday,1/22/2022,1/23/2022
8405,1/3/2023,2023,1,January,1,Week,3,3,3,Tuesday,Weekday,1/7/2023,1/8/2023
8295,9/15/2022,2022,9,September,38,Week,258,15,5,Thursday,Weekday,9/17/2022,9/18/2022
8382,12/11/2022,2022,12,December,51,Week,345,11,1,Sunday,Weekend,12/17/2022,12/11/2022
8725,11/19/2023,2023,11,November,47,Week,323,19,1,Sunday,Weekend,11/25/2023,11/19/2023
8471,3/10/2023,2023,3,March,10,Week,69,10,6,Friday,Weekday,3/11/2023,3/12/2023
8253,8/4/2022,2022,8,August,32,Week,216,4,5,Thursday,Weekday,8/6/2022,8/7/2022
8258,8/9/2022,2022,8,August,33,Week,221,9,3,Tuesday,Weekday,8/13/2022,8/14/2022
8218,6/30/2022,2022,6,June,27,Week,181,30,5,Thursday,Weekday,7/2/2022,7/3/2022
8653,9/8/2023,2023,9,September,36,Week,251,8,6,Friday,Weekday,9/9/2023,9/10/2023
8437,2/4/2023,2023,2,February,5,Week,35,4,7,Saturday,Weekend,2/4/2023,2/5/2023
8608,7/25/2023,2023,7,July,30,Week,206,25,3,Tuesday,Weekday,7/29/2023,7/30/2023
8730,11/24/2023,2023,11,November,47,Week,328,24,6,Friday,Weekday,11/25/2023,11/26/2023
8072,2/4/2022,2022,2,February,6,Week,35,4,6,Friday,Weekday,2/5/2022,2/6/2022
8182,5/25/2022,2022,5,May,22,Week,145,25,4,Wednesday,Weekday,5/28/2022,5/29/2022
8352,11/11/2022,2022,11,November,46,Week,315,11,6,Friday,Weekday,11/12/2022,11/13/2022
8516,4/24/2023,2023,4,April,17,Week,114,24,2,Monday,Weekday,4/29/2023,4/30/2023
8248,7/30/2022,2022,7,July,31,Week,211,30,7,Saturday,Weekend,7/30/2022,7/31/2022
8751,12/15/2023,2023,12,December,50,Week,349,15,6,Friday,Weekday,12/16/2023,12/17/2023
8544,5/22/2023,2023,5,May,21,Week,142,22,2,Monday,Weekday,5/27/2023,5/28/2023
8136,4/9/2022,2022,4,April,15,Week,99,9,7,Saturday,Weekend,4/9/2022,4/10/2022
8246,7/28/2022,2022,7,July,31,Week,209,28,5,Thursday,Weekday,7/30/2022,7/31/2022
8370,11/29/2022,2022,11,November,49,Week,333,29,3,Tuesday,Weekday,12/3/2022,12/4/2022
8625,8/11/2023,2023,8,August,32,Week,223,11,6,Friday,Weekday,8/12/2023,8/13/2023
8180,5/23/2022,2022,5,May,22,Week,143,23,2,Monday,Weekday,5/28/2022,5/29/2022
8747,12/11/2023,2023,12,December,50,Week,345,11,2,Monday,Weekday,12/16/2023,12/17/2023
8227,7/9/2022,2022,7,July,28,Week,190,9,7,Saturday,Weekend,7/9/2022,7/10/2022
8111,3/15/2022,2022,3,March,12,Week,74,15,3,Tuesday,Weekday,3/19/2022,3/20/2022
8588,7/5/2023,2023,7,July,27,Week,186,5,4,Wednesday,Weekday,7/8/2023,7/9/2023
8583,6/30/2023,2023,6,June,26,Week,181,30,6,Friday,Weekday,7/1/2023,7/2/2023
8166,5/9/2022,2022,5,May,20,Week,129,9,2,Monday,Weekday,5/14/2022,5/15/2022
8305,9/25/2022,2022,9,September,40,Week,268,25,1,Sunday,Weekend,10/1/2022,9/25/2022
8679,10/4/2023,2023,10,October,40,Week,277,4,4,Wednesday,Weekday,10/7/2023,10/8/2023
8277,8/28/2022,2022,8,August,36,Week,240,28,1,Sunday,Weekend,9/3/2022,8/28/2022
8698,10/23/2023,2023,10,October,43,Week,296,23,2,Monday,Weekday,10/28/2023,10/29/2023
8057,1/20/2022,2022,1,January,4,Week,20,20,5,Thursday,Weekday,1/22/2022,1/23/2022
8406,1/4/2023,2023,1,January,1,Week,4,4,4,Wednesday,Weekday,1/7/2023,1/8/2023
8296,9/16/2022,2022,9,September,38,Week,259,16,6,Friday,Weekday,9/17/2022,9/18/2022
8383,12/12/2022,2022,12,December,51,Week,346,12,2,Monday,Weekday,12/17/2022,12/18/2022
8726,11/20/2023,2023,11,November,47,Week,324,20,2,Monday,Weekday,11/25/2023,11/26/2023
8472,3/11/2023,2023,3,March,10,Week,70,11,7,Saturday,Weekend,3/11/2023,3/12/2023
8254,8/5/2022,2022,8,August,32,Week,217,5,6,Friday,Weekday,8/6/2022,8/7/2022
8259,8/10/2022,2022,8,August,33,Week,222,10,4,Wednesday,Weekday,8/13/2022,8/14/2022
8219,7/1/2022,2022,7,July,27,Week,182,1,6,Friday,Weekday,7/2/2022,7/3/2022
8654,9/9/2023,2023,9,September,36,Week,252,9,7,Saturday,Weekend,9/9/2023,9/10/2023
8438,2/5/2023,2023,2,February,6,Week,36,5,1,Sunday,Weekend,2/11/2023,2/5/2023
8609,7/26/2023,2023,7,July,30,Week,207,26,4,Wednesday,Weekday,7/29/2023,7/30/2023
8731,11/25/2023,2023,11,November,47,Week,329,25,7,Saturday,Weekend,11/25/2023,11/26/2023
8073,2/5/2022,2022,2,February,6,Week,36,5,7,Saturday,Weekend,2/5/2022,2/6/2022
8183,5/26/2022,2022,5,May,22,Week,146,26,5,Thursday,Weekday,5/28/2022,5/29/2022
8353,11/12/2022,2022,11,November,46,Week,316,12,7,Saturday,Weekend,11/12/2022,11/13/2022
8517,4/25/2023,2023,4,April,17,Week,115,25,3,Tuesday,Weekday,4/29/2023,4/30/2023
8249,7/31/2022,2022,7,July,32,Week,212,31,1,Sunday,Weekend,8/6/2022,7/31/2022
8752,12/16/2023,2023,12,December,50,Week,350,16,7,Saturday,Weekend,12/16/2023,12/17/2023
8545,5/23/2023,2023,5,May,21,Week,143,23,3,Tuesday,Weekday,5/27/2023,5/28/2023
8137,4/10/2022,2022,4,April,16,Week,100,10,1,Sunday,Weekend,4/16/2022,4/10/2022
8489,3/28/2023,2023,3,March,13,Week,87,28,3,Tuesday,Weekday,4/1/2023,4/2/2023
8371,11/30/2022,2022,11,November,49,Week,334,30,4,Wednesday,Weekday,12/3/2022,12/4/2022
8626,8/12/2023,2023,8,August,32,Week,224,12,7,Saturday,Weekend,8/12/2023,8/13/2023
8748,12/12/2023,2023,12,December,50,Week,346,12,3,Tuesday,Weekday,12/16/2023,12/17/2023
8228,7/10/2022,2022,7,July,29,Week,191,10,1,Sunday,Weekend,7/16/2022,7/10/2022
8112,3/16/2022,2022,3,March,12,Week,75,16,4,Wednesday,Weekday,3/19/2022,3/20/2022
8559,6/6/2023,2023,6,June,23,Week,157,6,3,Tuesday,Weekday,6/10/2023,6/11/2023
8584,7/1/2023,2023,7,July,26,Week,182,1,7,Saturday,Weekend,7/1/2023,7/2/2023
8167,5/10/2022,2022,5,May,20,Week,130,10,3,Tuesday,Weekday,5/14/2022,5/15/2022
8306,9/26/2022,2022,9,September,40,Week,269,26,2,Monday,Weekday,10/1/2022,10/2/2022
8680,10/5/2023,2023,10,October,40,Week,278,5,5,Thursday,Weekday,10/7/2023,10/8/2023
8278,8/29/2022,2022,8,August,36,Week,241,29,2,Monday,Weekday,9/3/2022,9/4/2022
8699,10/24/2023,2023,10,October,43,Week,297,24,3,Tuesday,Weekday,10/28/2023,10/29/2023
8058,1/21/2022,2022,1,January,4,Week,21,21,6,Friday,Weekday,1/22/2022,1/23/2022
8407,1/5/2023,2023,1,January,1,Week,5,5,5,Thursday,Weekday,1/7/2023,1/8/2023
8297,9/17/2022,2022,9,September,38,Week,260,17,7,Saturday,Weekend,9/17/2022,9/18/2022
8384,12/13/2022,2022,12,December,51,Week,347,13,3,Tuesday,Weekday,12/17/2022,12/18/2022
8727,11/21/2023,2023,11,November,47,Week,325,21,3,Tuesday,Weekday,11/25/2023,11/26/2023
8473,3/12/2023,2023,3,March,11,Week,71,12,1,Sunday,Weekend,3/18/2023,3/12/2023
8255,8/6/2022,2022,8,August,32,Week,218,6,7,Saturday,Weekend,8/6/2022,8/7/2022
8260,8/11/2022,2022,8,August,33,Week,223,11,5,Thursday,Weekday,8/13/2022,8/14/2022
8220,7/2/2022,2022,7,July,27,Week,183,2,7,Saturday,Weekend,7/2/2022,7/3/2022
8655,9/10/2023,2023,9,September,37,Week,253,10,1,Sunday,Weekend,9/16/2023,9/10/2023
8439,2/6/2023,2023,2,February,6,Week,37,6,2,Monday,Weekday,2/11/2023,2/12/2023
8610,7/27/2023,2023,7,July,30,Week,208,27,5,Thursday,Weekday,7/29/2023,7/30/2023
8732,11/26/2023,2023,11,November,48,Week,330,26,1,Sunday,Weekend,12/2/2023,11/26/2023
8074,2/6/2022,2022,2,February,7,Week,37,6,1,Sunday,Weekend,2/12/2022,2/6/2022
8184,5/27/2022,2022,5,May,22,Week,147,27,6,Friday,Weekday,5/28/2022,5/29/2022
8354,11/13/2022,2022,11,November,47,Week,317,13,1,Sunday,Weekend,11/19/2022,11/13/2022
8518,4/26/2023,2023,4,April,17,Week,116,26,4,Wednesday,Weekday,4/29/2023,4/30/2023
8250,8/1/2022,2022,8,August,32,Week,213,1,2,Monday,Weekday,8/6/2022,8/7/2022
8753,12/17/2023,2023,12,December,51,Week,351,17,1,Sunday,Weekend,12/23/2023,12/17/2023
8546,5/24/2023,2023,5,May,21,Week,144,24,4,Wednesday,Weekday,5/27/2023,5/28/2023
8138,4/11/2022,2022,4,April,16,Week,101,11,2,Monday,Weekday,4/16/2022,4/17/2022
8743,12/7/2023,2023,12,December,49,Week,341,7,5,Thursday,Weekday,12/9/2023,12/10/2023
8372,12/1/2022,2022,12,December,49,Week,335,1,5,Thursday,Weekday,12/3/2022,12/4/2022
8627,8/13/2023,2023,8,August,33,Week,225,13,1,Sunday,Weekend,8/19/2023,8/13/2023
8229,7/11/2022,2022,7,July,29,Week,192,11,2,Monday,Weekday,7/16/2022,7/17/2022
8113,3/17/2022,2022,3,March,12,Week,76,17,5,Thursday,Weekday,3/19/2022,3/20/2022
8560,6/7/2023,2023,6,June,23,Week,158,7,4,Wednesday,Weekday,6/10/2023,6/11/2023
8585,7/2/2023,2023,7,July,27,Week,183,2,1,Sunday,Weekend,7/8/2023,7/2/2023
8168,5/11/2022,2022,5,May,20,Week,131,11,4,Wednesday,Weekday,5/14/2022,5/15/2022
8307,9/27/2022,2022,9,September,40,Week,270,27,3,Tuesday,Weekday,10/1/2022,10/2/2022
8681,10/6/2023,2023,10,October,40,Week,279,6,6,Friday,Weekday,10/7/2023,10/8/2023
8279,8/30/2022,2022,8,August,36,Week,242,30,3,Tuesday,Weekday,9/3/2022,9/4/2022
8700,10/25/2023,2023,10,October,43,Week,298,25,4,Wednesday,Weekday,10/28/2023,10/29/2023
8059,1/22/2022,2022,1,January,4,Week,22,22,7,Saturday,Weekend,1/22/2022,1/23/2022
8408,1/6/2023,2023,1,January,1,Week,6,6,6,Friday,Weekday,1/7/2023,1/8/2023
8298,9/18/2022,2022,9,September,39,Week,261,18,1,Sunday,Weekend,9/24/2022,9/18/2022
8385,12/14/2022,2022,12,December,51,Week,348,14,4,Wednesday,Weekday,12/17/2022,12/18/2022
8728,11/22/2023,2023,11,November,47,Week,326,22,4,Wednesday,Weekday,11/25/2023,11/26/2023
8474,3/13/2023,2023,3,March,11,Week,72,13,2,Monday,Weekday,3/18/2023,3/19/2023
8256,8/7/2022,2022,8,August,33,Week,219,7,1,Sunday,Weekend,8/13/2022,8/7/2022
8261,8/12/2022,2022,8,August,33,Week,224,12,6,Friday,Weekday,8/13/2022,8/14/2022
8221,7/3/2022,2022,7,July,28,Week,184,3,1,Sunday,Weekend,7/9/2022,7/3/2022
8656,9/11/2023,2023,9,September,37,Week,254,11,2,Monday,Weekday,9/16/2023,9/17/2023
8440,2/7/2023,2023,2,February,6,Week,38,7,3,Tuesday,Weekday,2/11/2023,2/12/2023
8611,7/28/2023,2023,7,July,30,Week,209,28,6,Friday,Weekday,7/29/2023,7/30/2023
8733,11/27/2023,2023,11,November,48,Week,331,27,2,Monday,Weekday,12/2/2023,12/3/2023
8262,8/13/2022,2022,8,August,33,Week,225,13,7,Saturday,Weekend,8/13/2022,8/14/2022
8185,5/28/2022,2022,5,May,22,Week,148,28,7,Saturday,Weekend,5/28/2022,5/29/2022
8355,11/14/2022,2022,11,November,47,Week,318,14,2,Monday,Weekday,11/19/2022,11/20/2022
8519,4/27/2023,2023,4,April,17,Week,117,27,5,Thursday,Weekday,4/29/2023,4/30/2023
8343,11/2/2022,2022,11,November,45,Week,306,2,4,Wednesday,Weekday,11/5/2022,11/6/2022
8754,12/18/2023,2023,12,December,51,Week,352,18,2,Monday,Weekday,12/23/2023,12/24/2023
8547,5/25/2023,2023,5,May,21,Week,145,25,5,Thursday,Weekday,5/27/2023,5/28/2023
8139,4/12/2022,2022,4,April,16,Week,102,12,3,Tuesday,Weekday,4/16/2022,4/17/2022
8744,12/8/2023,2023,12,December,49,Week,342,8,6,Friday,Weekday,12/9/2023,12/10/2023
8373,12/2/2022,2022,12,December,49,Week,336,2,6,Friday,Weekday,12/3/2022,12/4/2022
8628,8/14/2023,2023,8,August,33,Week,226,14,2,Monday,Weekday,8/19/2023,8/20/2023
8230,7/12/2022,2022,7,July,29,Week,193,12,3,Tuesday,Weekday,7/16/2022,7/17/2022
8114,3/18/2022,2022,3,March,12,Week,77,18,6,Friday,Weekday,3/19/2022,3/20/2022
8561,6/8/2023,2023,6,June,23,Week,159,8,5,Thursday,Weekday,6/10/2023,6/11/2023
8169,5/12/2022,2022,5,May,20,Week,132,12,5,Thursday,Weekday,5/14/2022,5/15/2022
8308,9/28/2022,2022,9,September,40,Week,271,28,4,Wednesday,Weekday,10/1/2022,10/2/2022
8682,10/7/2023,2023,10,October,40,Week,280,7,7,Saturday,Weekend,10/7/2023,10/8/2023
8280,8/31/2022,2022,8,August,36,Week,243,31,4,Wednesday,Weekday,9/3/2022,9/4/2022
8701,10/26/2023,2023,10,October,43,Week,299,26,5,Thursday,Weekday,10/28/2023,10/29/2023
8060,1/23/2022,2022,1,January,5,Week,23,23,1,Sunday,Weekend,1/29/2022,1/23/2022
8409,1/7/2023,2023,1,January,1,Week,7,7,7,Saturday,Weekend,1/7/2023,1/8/2023
8299,9/19/2022,2022,9,September,39,Week,262,19,2,Monday,Weekday,9/24/2022,9/25/2022
8386,12/15/2022,2022,12,December,51,Week,349,15,5,Thursday,Weekday,12/17/2022,12/18/2022
8129,4/2/2022,2022,4,April,14,Week,92,2,7,Saturday,Weekend,4/2/2022,4/3/2022
8475,3/14/2023,2023,3,March,11,Week,73,14,3,Tuesday,Weekday,3/18/2023,3/19/2023
8442,2/9/2023,2023,2,February,6,Week,40,9,5,Thursday,Weekday,2/11/2023,2/12/2023
8222,7/4/2022,2022,7,July,28,Week,185,4,2,Monday,Weekday,7/9/2022,7/10/2022
8657,9/12/2023,2023,9,September,37,Week,255,12,3,Tuesday,Weekday,9/16/2023,9/17/2023
8441,2/8/2023,2023,2,February,6,Week,39,8,4,Wednesday,Weekday,2/11/2023,2/12/2023
8612,7/29/2023,2023,7,July,30,Week,210,29,7,Saturday,Weekend,7/29/2023,7/30/2023
8734,11/28/2023,2023,11,November,48,Week,332,28,3,Tuesday,Weekday,12/2/2023,12/3/2023
8263,8/14/2022,2022,8,August,34,Week,226,14,1,Sunday,Weekend,8/20/2022,8/14/2022
8186,5/29/2022,2022,5,May,23,Week,149,29,1,Sunday,Weekend,6/4/2022,5/29/2022
8356,11/15/2022,2022,11,November,47,Week,319,15,3,Tuesday,Weekday,11/19/2022,11/20/2022
8520,4/28/2023,2023,4,April,17,Week,118,28,6,Friday,Weekday,4/29/2023,4/30/2023
8344,11/3/2022,2022,11,November,45,Week,307,3,5,Thursday,Weekday,11/5/2022,11/6/2022
8755,12/19/2023,2023,12,December,51,Week,353,19,3,Tuesday,Weekday,12/23/2023,12/24/2023
8548,5/26/2023,2023,5,May,21,Week,146,26,6,Friday,Weekday,5/27/2023,5/28/2023
8140,4/13/2022,2022,4,April,16,Week,103,13,4,Wednesday,Weekday,4/16/2022,4/17/2022
8745,12/9/2023,2023,12,December,49,Week,343,9,7,Saturday,Weekend,12/9/2023,12/10/2023
8374,12/3/2022,2022,12,December,49,Week,337,3,7,Saturday,Weekend,12/3/2022,12/4/2022
8231,7/13/2022,2022,7,July,29,Week,194,13,4,Wednesday,Weekday,7/16/2022,7/17/2022
8115,3/19/2022,2022,3,March,12,Week,78,19,7,Saturday,Weekend,3/19/2022,3/20/2022
8065,1/28/2022,2022,1,January,5,Week,28,28,6,Friday,Weekday,1/29/2022,1/30/2022
8170,5/13/2022,2022,5,May,20,Week,133,13,6,Friday,Weekday,5/14/2022,5/15/2022
8309,9/29/2022,2022,9,September,40,Week,272,29,5,Thursday,Weekday,10/1/2022,10/2/2022
8683,10/8/2023,2023,10,October,41,Week,281,8,1,Sunday,Weekend,10/14/2023,10/8/2023
8281,9/1/2022,2022,9,September,36,Week,244,1,5,Thursday,Weekday,9/3/2022,9/4/2022
8702,10/27/2023,2023,10,October,43,Week,300,27,6,Friday,Weekday,10/28/2023,10/29/2023
8061,1/24/2022,2022,1,January,5,Week,24,24,2,Monday,Weekday,1/29/2022,1/30/2022
8410,1/8/2023,2023,1,January,2,Week,8,8,1,Sunday,Weekend,1/14/2023,1/8/2023
8300,9/20/2022,2022,9,September,39,Week,263,20,3,Tuesday,Weekday,9/24/2022,9/25/2022
8387,12/16/2022,2022,12,December,51,Week,350,16,6,Friday,Weekday,12/17/2022,12/18/2022
8130,4/3/2022,2022,4,April,15,Week,93,3,1,Sunday,Weekend,4/9/2022,4/3/2022
8476,3/15/2023,2023,3,March,11,Week,74,15,4,Wednesday,Weekday,3/18/2023,3/19/2023
8443,2/10/2023,2023,2,February,6,Week,41,10,6,Friday,Weekday,2/11/2023,2/12/2023
8223,7/5/2022,2022,7,July,28,Week,186,5,3,Tuesday,Weekday,7/9/2022,7/10/2022
8658,9/13/2023,2023,9,September,37,Week,256,13,4,Wednesday,Weekday,9/16/2023,9/17/2023
8629,8/15/2023,2023,8,August,33,Week,227,15,3,Tuesday,Weekday,8/19/2023,8/20/2023
8613,7/30/2023,2023,7,July,31,Week,211,30,1,Sunday,Weekend,8/5/2023,7/30/2023
8735,11/29/2023,2023,11,November,48,Week,333,29,4,Wednesday,Weekday,12/2/2023,12/3/2023
8264,8/15/2022,2022,8,August,34,Week,227,15,2,Monday,Weekday,8/20/2022,8/21/2022
8187,5/30/2022,2022,5,May,23,Week,150,30,2,Monday,Weekday,6/4/2022,6/5/2022
8357,11/16/2022,2022,11,November,47,Week,320,16,4,Wednesday,Weekday,11/19/2022,11/20/2022
8617,8/3/2023,2023,8,August,31,Week,215,3,5,Thursday,Weekday,8/5/2023,8/6/2023
8345,11/4/2022,2022,11,November,45,Week,308,4,6,Friday,Weekday,11/5/2022,11/6/2022
8756,12/20/2023,2023,12,December,51,Week,354,20,4,Wednesday,Weekday,12/23/2023,12/24/2023
8549,5/27/2023,2023,5,May,21,Week,147,27,7,Saturday,Weekend,5/27/2023,5/28/2023
8141,4/14/2022,2022,4,April,16,Week,104,14,5,Thursday,Weekday,4/16/2022,4/17/2022
8490,3/29/2023,2023,3,March,13,Week,88,29,4,Wednesday,Weekday,4/1/2023,4/2/2023
8232,7/14/2022,2022,7,July,29,Week,195,14,5,Thursday,Weekday,7/16/2022,7/17/2022
8116,3/20/2022,2022,3,March,13,Week,79,20,1,Sunday,Weekend,3/26/2022,3/20/2022
8066,1/29/2022,2022,1,January,5,Week,29,29,7,Saturday,Weekend,1/29/2022,1/30/2022
8310,9/30/2022,2022,9,September,40,Week,273,30,6,Friday,Weekday,10/1/2022,10/2/2022
8684,10/9/2023,2023,10,October,41,Week,282,9,2,Monday,Weekday,10/14/2023,10/15/2023
8282,9/2/2022,2022,9,September,36,Week,245,2,6,Friday,Weekday,9/3/2022,9/4/2022
8703,10/28/2023,2023,10,October,43,Week,301,28,7,Saturday,Weekend,10/28/2023,10/29/2023
8062,1/25/2022,2022,1,January,5,Week,25,25,3,Tuesday,Weekday,1/29/2022,1/30/2022
8411,1/9/2023,2023,1,January,2,Week,9,9,2,Monday,Weekday,1/14/2023,1/15/2023
8301,9/21/2022,2022,9,September,39,Week,264,21,4,Wednesday,Weekday,9/24/2022,9/25/2022
8388,12/17/2022,2022,12,December,51,Week,351,17,7,Saturday,Weekend,12/17/2022,12/18/2022
8131,4/4/2022,2022,4,April,15,Week,94,4,2,Monday,Weekday,4/9/2022,4/10/2022
8477,3/16/2023,2023,3,March,11,Week,75,16,5,Thursday,Weekday,3/18/2023,3/19/2023
8444,2/11/2023,2023,2,February,6,Week,42,11,7,Saturday,Weekend,2/11/2023,2/12/2023
8224,7/6/2022,2022,7,July,28,Week,187,6,4,Wednesday,Weekday,7/9/2022,7/10/2022
8659,9/14/2023,2023,9,September,37,Week,257,14,5,Thursday,Weekday,9/16/2023,9/17/2023
8630,8/16/2023,2023,8,August,33,Week,228,16,4,Wednesday,Weekday,8/19/2023,8/20/2023
8614,7/31/2023,2023,7,July,31,Week,212,31,2,Monday,Weekday,8/5/2023,8/6/2023
8736,11/30/2023,2023,11,November,48,Week,334,30,5,Thursday,Weekday,12/2/2023,12/3/2023
8265,8/16/2022,2022,8,August,34,Week,228,16,3,Tuesday,Weekday,8/20/2022,8/21/2022
8188,5/31/2022,2022,5,May,23,Week,151,31,3,Tuesday,Weekday,6/4/2022,6/5/2022
8358,11/17/2022,2022,11,November,47,Week,321,17,5,Thursday,Weekday,11/19/2022,11/20/2022
8618,8/4/2023,2023,8,August,31,Week,216,4,6,Friday,Weekday,8/5/2023,8/6/2023
8346,11/5/2022,2022,11,November,45,Week,309,5,7,Saturday,Weekend,11/5/2022,11/6/2022
8757,12/21/2023,2023,12,December,51,Week,355,21,5,Thursday,Weekday,12/23/2023,12/24/2023
8550,5/28/2023,2023,5,May,22,Week,148,28,1,Sunday,Weekend,6/3/2023,5/28/2023
8142,4/15/2022,2022,4,April,16,Week,105,15,6,Friday,Weekday,4/16/2022,4/17/2022
8491,3/30/2023,2023,3,March,13,Week,89,30,5,Thursday,Weekday,4/1/2023,4/2/2023
8233,7/15/2022,2022,7,July,29,Week,196,15,6,Friday,Weekday,7/16/2022,7/17/2022
8117,3/21/2022,2022,3,March,13,Week,80,21,2,Monday,Weekday,3/26/2022,3/27/2022
8067,1/30/2022,2022,1,January,6,Week,30,30,1,Sunday,Weekend,2/5/2022,1/30/2022
8311,10/1/2022,2022,10,October,40,Week,274,1,7,Saturday,Weekend,10/1/2022,10/2/2022
8685,10/10/2023,2023,10,October,41,Week,283,10,3,Tuesday,Weekday,10/14/2023,10/15/2023
8283,9/3/2022,2022,9,September,36,Week,246,3,7,Saturday,Weekend,9/3/2022,9/4/2022
8704,10/29/2023,2023,10,October,44,Week,302,29,1,Sunday,Weekend,11/4/2023,10/29/2023
8063,1/26/2022,2022,1,January,5,Week,26,26,4,Wednesday,Weekday,1/29/2022,1/30/2022
8412,1/10/2023,2023,1,January,2,Week,10,10,3,Tuesday,Weekday,1/14/2023,1/15/2023
8302,9/22/2022,2022,9,September,39,Week,265,22,5,Thursday,Weekday,9/24/2022,9/25/2022
8389,12/18/2022,2022,12,December,52,Week,352,18,1,Sunday,Weekend,12/24/2022,12/18/2022
8132,4/5/2022,2022,4,April,15,Week,95,5,3,Tuesday,Weekday,4/9/2022,4/10/2022
8478,3/17/2023,2023,3,March,11,Week,76,17,6,Friday,Weekday,3/18/2023,3/19/2023
8445,2/12/2023,2023,2,February,7,Week,43,12,1,Sunday,Weekend,2/18/2023,2/12/2023
8225,7/7/2022,2022,7,July,28,Week,188,7,5,Thursday,Weekday,7/9/2022,7/10/2022
8660,9/15/2023,2023,9,September,37,Week,258,15,6,Friday,Weekday,9/16/2023,9/17/2023
8631,8/17/2023,2023,8,August,33,Week,229,17,5,Thursday,Weekday,8/19/2023,8/20/2023
8615,8/1/2023,2023,8,August,31,Week,213,1,3,Tuesday,Weekday,8/5/2023,8/6/2023
8737,12/1/2023,2023,12,December,48,Week,335,1,6,Friday,Weekday,12/2/2023,12/3/2023
8266,8/17/2022,2022,8,August,34,Week,229,17,4,Wednesday,Weekday,8/20/2022,8/21/2022
8189,6/1/2022,2022,6,June,23,Week,152,1,4,Wednesday,Weekday,6/4/2022,6/5/2022
8359,11/18/2022,2022,11,November,47,Week,322,18,6,Friday,Weekday,11/19/2022,11/20/2022
8619,8/5/2023,2023,8,August,31,Week,217,5,7,Saturday,Weekend,8/5/2023,8/6/2023
8347,11/6/2022,2022,11,November,46,Week,310,6,1,Sunday,Weekend,11/12/2022,11/6/2022
8758,12/22/2023,2023,12,December,51,Week,356,22,6,Friday,Weekday,12/23/2023,12/24/2023
8551,5/29/2023,2023,5,May,22,Week,149,29,2,Monday,Weekday,6/3/2023,6/4/2023
8143,4/16/2022,2022,4,April,16,Week,106,16,7,Saturday,Weekend,4/16/2022,4/17/2022
8492,3/31/2023,2023,3,March,13,Week,90,31,6,Friday,Weekday,4/1/2023,4/2/2023
8234,7/16/2022,2022,7,July,29,Week,197,16,7,Saturday,Weekend,7/16/2022,7/17/2022
8118,3/22/2022,2022,3,March,13,Week,81,22,3,Tuesday,Weekday,3/26/2022,3/27/2022
8068,1/31/2022,2022,1,January,6,Week,31,31,2,Monday,Weekday,2/5/2022,2/6/2022
8312,10/2/2022,2022,10,October,41,Week,275,2,1,Sunday,Weekend,10/8/2022,10/2/2022
8686,10/11/2023,2023,10,October,41,Week,284,11,4,Wednesday,Weekday,10/14/2023,10/15/2023
8284,9/4/2022,2022,9,September,37,Week,247,4,1,Sunday,Weekend,9/10/2022,9/4/2022
8705,10/30/2023,2023,10,October,44,Week,303,30,2,Monday,Weekday,11/4/2023,11/5/2023
8064,1/27/2022,2022,1,January,5,Week,27,27,5,Thursday,Weekday,1/29/2022,1/30/2022
8413,1/11/2023,2023,1,January,2,Week,11,11,4,Wednesday,Weekday,1/14/2023,1/15/2023
8146,4/19/2022,2022,4,April,17,Week,109,19,3,Tuesday,Weekday,4/23/2022,4/24/2022
8390,12/19/2022,2022,12,December,52,Week,353,19,2,Monday,Weekday,12/24/2022,12/25/2022
8133,4/6/2022,2022,4,April,15,Week,96,6,4,Wednesday,Weekday,4/9/2022,4/10/2022
8479,3/18/2023,2023,3,March,11,Week,77,18,7,Saturday,Weekend,3/18/2023,3/19/2023
8446,2/13/2023,2023,2,February,7,Week,44,13,2,Monday,Weekday,2/18/2023,2/19/2023
8661,9/16/2023,2023,9,September,37,Week,259,16,7,Saturday,Weekend,9/16/2023,9/17/2023
8632,8/18/2023,2023,8,August,33,Week,230,18,6,Friday,Weekday,8/19/2023,8/20/2023
8616,8/2/2023,2023,8,August,31,Week,214,2,4,Wednesday,Weekday,8/5/2023,8/6/2023
8738,12/2/2023,2023,12,December,48,Week,336,2,7,Saturday,Weekend,12/2/2023,12/3/2023
8267,8/18/2022,2022,8,August,34,Week,230,18,5,Thursday,Weekday,8/20/2022,8/21/2022
8190,6/2/2022,2022,6,June,23,Week,153,2,5,Thursday,Weekday,6/4/2022,6/5/2022
8360,11/19/2022,2022,11,November,47,Week,323,19,7,Saturday,Weekend,11/19/2022,11/20/2022
8620,8/6/2023,2023,8,August,32,Week,218,6,1,Sunday,Weekend,8/12/2023,8/6/2023
8348,11/7/2022,2022,11,November,46,Week,311,7,2,Monday,Weekday,11/12/2022,11/13/2022
8759,12/23/2023,2023,12,December,51,Week,357,23,7,Saturday,Weekend,12/23/2023,12/24/2023
8552,5/30/2023,2023,5,May,22,Week,150,30,3,Tuesday,Weekday,6/3/2023,6/4/2023
8144,4/17/2022,2022,4,April,17,Week,107,17,1,Sunday,Weekend,4/23/2022,4/17/2022
8493,4/1/2023,2023,4,April,13,Week,91,1,7,Saturday,Weekend,4/1/2023,4/2/2023
8235,7/17/2022,2022,7,July,30,Week,198,17,1,Sunday,Weekend,7/23/2022,7/17/2022
8119,3/23/2022,2022,3,March,13,Week,82,23,4,Wednesday,Weekday,3/26/2022,3/27/2022
8069,2/1/2022,2022,2,February,6,Week,32,1,3,Tuesday,Weekday,2/5/2022,2/6/2022
8687,10/12/2023,2023,10,October,41,Week,285,12,5,Thursday,Weekday,10/14/2023,10/15/2023
8285,9/5/2022,2022,9,September,37,Week,248,5,2,Monday,Weekday,9/10/2022,9/11/2022
8706,10/31/2023,2023,10,October,44,Week,304,31,3,Tuesday,Weekday,11/4/2023,11/5/2023
8155,4/28/2022,2022,4,April,18,Week,118,28,5,Thursday,Weekday,4/30/2022,5/1/2022
8414,1/12/2023,2023,1,January,2,Week,12,12,5,Thursday,Weekday,1/14/2023,1/15/2023
8147,4/20/2022,2022,4,April,17,Week,110,20,4,Wednesday,Weekday,4/23/2022,4/24/2022
8391,12/20/2022,2022,12,December,52,Week,354,20,3,Tuesday,Weekday,12/24/2022,12/25/2022
8134,4/7/2022,2022,4,April,15,Week,97,7,5,Thursday,Weekday,4/9/2022,4/10/2022
8480,3/19/2023,2023,3,March,12,Week,78,19,1,Sunday,Weekend,3/25/2023,3/19/2023
8447,2/14/2023,2023,2,February,7,Week,45,14,3,Tuesday,Weekday,2/18/2023,2/19/2023
8662,9/17/2023,2023,9,September,38,Week,260,17,1,Sunday,Weekend,9/23/2023,9/17/2023
8508,4/16/2023,2023,4,April,16,Week,106,16,1,Sunday,Weekend,4/22/2023,4/16/2023
8710,11/4/2023,2023,11,November,44,Week,308,4,7,Saturday,Weekend,11/4/2023,11/5/2023
8739,12/3/2023,2023,12,December,49,Week,337,3,1,Sunday,Weekend,12/9/2023,12/3/2023
8268,8/19/2022,2022,8,August,34,Week,231,19,6,Friday,Weekday,8/20/2022,8/21/2022
8191,6/3/2022,2022,6,June,23,Week,154,3,6,Friday,Weekday,6/4/2022,6/5/2022
8361,11/20/2022,2022,11,November,48,Week,324,20,1,Sunday,Weekend,11/26/2022,11/20/2022
8621,8/7/2023,2023,8,August,32,Week,219,7,2,Monday,Weekday,8/12/2023,8/13/2023
8349,11/8/2022,2022,11,November,46,Week,312,8,3,Tuesday,Weekday,11/12/2022,11/13/2022
8760,12/24/2023,2023,12,December,52,Week,358,24,1,Sunday,Weekend,12/30/2023,12/24/2023
8553,5/31/2023,2023,5,May,22,Week,151,31,4,Wednesday,Weekday,6/3/2023,6/4/2023
8145,4/18/2022,2022,4,April,17,Week,108,18,2,Monday,Weekday,4/23/2022,4/24/2022
8494,4/2/2023,2023,4,April,14,Week,92,2,1,Sunday,Weekend,4/8/2023,4/2/2023
8236,7/18/2022,2022,7,July,30,Week,199,18,2,Monday,Weekday,7/23/2022,7/24/2022
8120,3/24/2022,2022,3,March,13,Week,83,24,5,Thursday,Weekday,3/26/2022,3/27/2022
8070,2/2/2022,2022,2,February,6,Week,33,2,4,Wednesday,Weekday,2/5/2022,2/6/2022
8688,10/13/2023,2023,10,October,41,Week,286,13,6,Friday,Weekday,10/14/2023,10/15/2023
8286,9/6/2022,2022,9,September,37,Week,249,6,3,Tuesday,Weekday,9/10/2022,9/11/2022
8707,11/1/2023,2023,11,November,44,Week,305,1,4,Wednesday,Weekday,11/4/2023,11/5/2023
8156,4/29/2022,2022,4,April,18,Week,119,29,6,Friday,Weekday,4/30/2022,5/1/2022
8415,1/13/2023,2023,1,January,2,Week,13,13,6,Friday,Weekday,1/14/2023,1/15/2023
8148,4/21/2022,2022,4,April,17,Week,111,21,5,Thursday,Weekday,4/23/2022,4/24/2022
8392,12/21/2022,2022,12,December,52,Week,355,21,4,Wednesday,Weekday,12/24/2022,12/25/2022
8481,3/20/2023,2023,3,March,12,Week,79,20,2,Monday,Weekday,3/25/2023,3/26/2023
8448,2/15/2023,2023,2,February,7,Week,46,15,4,Wednesday,Weekday,2/18/2023,2/19/2023
8663,9/18/2023,2023,9,September,38,Week,261,18,2,Monday,Weekday,9/23/2023,9/24/2023
8509,4/17/2023,2023,4,April,16,Week,107,17,2,Monday,Weekday,4/22/2023,4/23/2023
8711,11/5/2023,2023,11,November,45,Week,309,5,1,Sunday,Weekend,11/11/2023,11/5/2023
8740,12/4/2023,2023,12,December,49,Week,338,4,2,Monday,Weekday,12/9/2023,12/10/2023
8269,8/20/2022,2022,8,August,34,Week,232,20,7,Saturday,Weekend,8/20/2022,8/21/2022
8192,6/4/2022,2022,6,June,23,Week,155,4,7,Saturday,Weekend,6/4/2022,6/5/2022
8362,11/21/2022,2022,11,November,48,Week,325,21,2,Monday,Weekday,11/26/2022,11/27/2022
8622,8/8/2023,2023,8,August,32,Week,220,8,3,Tuesday,Weekday,8/12/2023,8/13/2023
8350,11/9/2022,2022,11,November,46,Week,313,9,4,Wednesday,Weekday,11/12/2022,11/13/2022
8761,12/25/2023,2023,12,December,52,Week,359,25,2,Monday,Weekday,12/30/2023,12/31/2023
8554,6/1/2023,2023,6,June,22,Week,152,1,5,Thursday,Weekday,6/3/2023,6/4/2023
8427,1/25/2023,2023,1,January,4,Week,25,25,4,Wednesday,Weekday,1/28/2023,1/29/2023
8495,4/3/2023,2023,4,April,14,Week,93,3,2,Monday,Weekday,4/8/2023,4/9/2023
8237,7/19/2022,2022,7,July,30,Week,200,19,3,Tuesday,Weekday,7/23/2022,7/24/2022
8121,3/25/2022,2022,3,March,13,Week,84,25,6,Friday,Weekday,3/26/2022,3/27/2022
8101,3/5/2022,2022,3,March,10,Week,64,5,7,Saturday,Weekend,3/5/2022,3/6/2022
8689,10/14/2023,2023,10,October,41,Week,287,14,7,Saturday,Weekend,10/14/2023,10/15/2023
8287,9/7/2022,2022,9,September,37,Week,250,7,4,Wednesday,Weekday,9/10/2022,9/11/2022
8708,11/2/2023,2023,11,November,44,Week,306,2,5,Thursday,Weekday,11/4/2023,11/5/2023
8157,4/30/2022,2022,4,April,18,Week,120,30,7,Saturday,Weekend,4/30/2022,5/1/2022
8416,1/14/2023,2023,1,January,2,Week,14,14,7,Saturday,Weekend,1/14/2023,1/15/2023
8149,4/22/2022,2022,4,April,17,Week,112,22,6,Friday,Weekday,4/23/2022,4/24/2022
8393,12/22/2022,2022,12,December,52,Week,356,22,5,Thursday,Weekday,12/24/2022,12/25/2022
8482,3/21/2023,2023,3,March,12,Week,80,21,3,Tuesday,Weekday,3/25/2023,3/26/2023
8449,2/16/2023,2023,2,February,7,Week,47,16,5,Thursday,Weekday,2/18/2023,2/19/2023
8664,9/19/2023,2023,9,September,38,Week,262,19,3,Tuesday,Weekday,9/23/2023,9/24/2023
8510,4/18/2023,2023,4,April,16,Week,108,18,3,Tuesday,Weekday,4/22/2023,4/23/2023
8712,11/6/2023,2023,11,November,45,Week,310,6,2,Monday,Weekday,11/11/2023,11/12/2023
8741,12/5/2023,2023,12,December,49,Week,339,5,3,Tuesday,Weekday,12/9/2023,12/10/2023
8270,8/21/2022,2022,8,August,35,Week,233,21,1,Sunday,Weekend,8/27/2022,8/21/2022
8193,6/5/2022,2022,6,June,24,Week,156,5,1,Sunday,Weekend,6/11/2022,6/5/2022
8363,11/22/2022,2022,11,November,48,Week,326,22,3,Tuesday,Weekday,11/26/2022,11/27/2022
8623,8/9/2023,2023,8,August,32,Week,221,9,4,Wednesday,Weekday,8/12/2023,8/13/2023
8351,11/10/2022,2022,11,November,46,Week,314,10,5,Thursday,Weekday,11/12/2022,11/13/2022
8762,12/26/2023,2023,12,December,52,Week,360,26,3,Tuesday,Weekday,12/30/2023,12/31/2023
8555,6/2/2023,2023,6,June,22,Week,153,2,6,Friday,Weekday,6/3/2023,6/4/2023
8428,1/26/2023,2023,1,January,4,Week,26,26,5,Thursday,Weekday,1/28/2023,1/29/2023
8496,4/4/2023,2023,4,April,14,Week,94,4,3,Tuesday,Weekday,4/8/2023,4/9/2023
8238,7/20/2022,2022,7,July,30,Week,201,20,4,Wednesday,Weekday,7/23/2022,7/24/2022
8122,3/26/2022,2022,3,March,13,Week,85,26,7,Saturday,Weekend,3/26/2022,3/27/2022
8102,3/6/2022,2022,3,March,11,Week,65,6,1,Sunday,Weekend,3/12/2022,3/6/2022
8690,10/15/2023,2023,10,October,42,Week,288,15,1,Sunday,Weekend,10/21/2023,10/15/2023
8288,9/8/2022,2022,9,September,37,Week,251,8,5,Thursday,Weekday,9/10/2022,9/11/2022
8709,11/3/2023,2023,11,November,44,Week,307,3,6,Friday,Weekday,11/4/2023,11/5/2023
8158,5/1/2022,2022,5,May,19,Week,121,1,1,Sunday,Weekend,5/7/2022,5/1/2022
8417,1/15/2023,2023,1,January,3,Week,15,15,1,Sunday,Weekend,1/21/2023,1/15/2023
8150,4/23/2022,2022,4,April,17,Week,113,23,7,Saturday,Weekend,4/23/2022,4/24/2022
8394,12/23/2022,2022,12,December,52,Week,357,23,6,Friday,Weekday,12/24/2022,12/25/2022
8483,3/22/2023,2023,3,March,12,Week,81,22,4,Wednesday,Weekday,3/25/2023,3/26/2023
8450,2/17/2023,2023,2,February,7,Week,48,17,6,Friday,Weekday,2/18/2023,2/19/2023
8537,5/15/2023,2023,5,May,20,Week,135,15,2,Monday,Weekday,5/20/2023,5/21/2023
8511,4/19/2023,2023,4,April,16,Week,109,19,4,Wednesday,Weekday,4/22/2023,4/23/2023
8713,11/7/2023,2023,11,November,45,Week,311,7,3,Tuesday,Weekday,11/11/2023,11/12/2023
8742,12/6/2023,2023,12,December,49,Week,340,6,4,Wednesday,Weekday,12/9/2023,12/10/2023
8271,8/22/2022,2022,8,August,35,Week,234,22,2,Monday,Weekday,8/27/2022,8/28/2022
8332,10/22/2022,2022,10,October,43,Week,295,22,7,Saturday,Weekend,10/22/2022,10/23/2022
8364,11/23/2022,2022,11,November,48,Week,327,23,4,Wednesday,Weekday,11/26/2022,11/27/2022
8643,8/29/2023,2023,8,August,35,Week,241,29,3,Tuesday,Weekday,9/2/2023,9/3/2023
8532,5/10/2023,2023,5,May,19,Week,130,10,4,Wednesday,Weekday,5/13/2023,5/14/2023
8763,12/27/2023,2023,12,December,52,Week,361,27,4,Wednesday,Weekday,12/30/2023,12/31/2023
8556,6/3/2023,2023,6,June,22,Week,154,3,7,Saturday,Weekend,6/3/2023,6/4/2023
8429,1/27/2023,2023,1,January,4,Week,27,27,6,Friday,Weekday,1/28/2023,1/29/2023
8497,4/5/2023,2023,4,April,14,Week,95,5,4,Wednesday,Weekday,4/8/2023,4/9/2023
8239,7/21/2022,2022,7,July,30,Week,202,21,5,Thursday,Weekday,7/23/2022,7/24/2022
8123,3/27/2022,2022,3,March,14,Week,86,27,1,Sunday,Weekend,4/2/2022,3/27/2022
8103,3/7/2022,2022,3,March,11,Week,66,7,2,Monday,Weekday,3/12/2022,3/13/2022
8691,10/16/2023,2023,10,October,42,Week,289,16,2,Monday,Weekday,10/21/2023,10/22/2023
8289,9/9/2022,2022,9,September,37,Week,252,9,6,Friday,Weekday,9/10/2022,9/11/2022
8159,5/2/2022,2022,5,May,19,Week,122,2,2,Monday,Weekday,5/7/2022,5/8/2022
8418,1/16/2023,2023,1,January,3,Week,16,16,2,Monday,Weekday,1/21/2023,1/22/2023
8151,4/24/2022,2022,4,April,18,Week,114,24,1,Sunday,Weekend,4/30/2022,4/24/2022
8395,12/24/2022,2022,12,December,52,Week,358,24,7,Saturday,Weekend,12/24/2022,12/25/2022
8484,3/23/2023,2023,3,March,12,Week,82,23,5,Thursday,Weekday,3/25/2023,3/26/2023
8538,5/16/2023,2023,5,May,20,Week,136,16,3,Tuesday,Weekday,5/20/2023,5/21/2023
8714,11/8/2023,2023,11,November,45,Week,312,8,4,Wednesday,Weekday,11/11/2023,11/12/2023
8272,8/23/2022,2022,8,August,35,Week,235,23,3,Tuesday,Weekday,8/27/2022,8/28/2022
8333,10/23/2022,2022,10,October,44,Week,296,23,1,Sunday,Weekend,10/29/2022,10/23/2022
8365,11/24/2022,2022,11,November,48,Week,328,24,5,Thursday,Weekday,11/26/2022,11/27/2022
8644,8/30/2023,2023,8,August,35,Week,242,30,4,Wednesday,Weekday,9/2/2023,9/3/2023
8533,5/11/2023,2023,5,May,19,Week,131,11,5,Thursday,Weekday,5/13/2023,5/14/2023
8764,12/28/2023,2023,12,December,52,Week,362,28,5,Thursday,Weekday,12/30/2023,12/31/2023
8557,6/4/2023,2023,6,June,23,Week,155,4,1,Sunday,Weekend,6/10/2023,6/4/2023
8430,1/28/2023,2023,1,January,4,Week,28,28,7,Saturday,Weekend,1/28/2023,1/29/2023
8498,4/6/2023,2023,4,April,14,Week,96,6,5,Thursday,Weekday,4/8/2023,4/9/2023
8240,7/22/2022,2022,7,July,30,Week,203,22,6,Friday,Weekday,7/23/2022,7/24/2022
8124,3/28/2022,2022,3,March,14,Week,87,28,2,Monday,Weekday,4/2/2022,4/3/2022
8104,3/8/2022,2022,3,March,11,Week,67,8,3,Tuesday,Weekday,3/12/2022,3/13/2022
8692,10/17/2023,2023,10,October,42,Week,290,17,3,Tuesday,Weekday,10/21/2023,10/22/2023
8290,9/10/2022,2022,9,September,37,Week,253,10,7,Saturday,Weekend,9/10/2022,9/11/2022
8160,5/3/2022,2022,5,May,19,Week,123,3,3,Tuesday,Weekday,5/7/2022,5/8/2022
8152,4/25/2022,2022,4,April,18,Week,115,25,2,Monday,Weekday,4/30/2022,5/1/2022
8396,12/25/2022,2022,12,December,53,Week,359,25,1,Sunday,Weekend,12/31/2022,12/25/2022
8485,3/24/2023,2023,3,March,12,Week,83,24,6,Friday,Weekday,3/25/2023,3/26/2023
8539,5/17/2023,2023,5,May,20,Week,137,17,4,Wednesday,Weekday,5/20/2023,5/21/2023
8715,11/9/2023,2023,11,November,45,Week,313,9,5,Thursday,Weekday,11/11/2023,11/12/2023
8273,8/24/2022,2022,8,August,35,Week,236,24,4,Wednesday,Weekday,8/27/2022,8/28/2022
8334,10/24/2022,2022,10,October,44,Week,297,24,2,Monday,Weekday,10/29/2022,10/30/2022
8366,11/25/2022,2022,11,November,48,Week,329,25,6,Friday,Weekday,11/26/2022,11/27/2022
8645,8/31/2023,2023,8,August,35,Week,243,31,5,Thursday,Weekday,9/2/2023,9/3/2023
8534,5/12/2023,2023,5,May,19,Week,132,12,6,Friday,Weekday,5/13/2023,5/14/2023
8765,12/29/2023,2023,12,December,52,Week,363,29,6,Friday,Weekday,12/30/2023,12/31/2023
8558,6/5/2023,2023,6,June,23,Week,156,5,2,Monday,Weekday,6/10/2023,6/11/2023
8521,4/29/2023,2023,4,April,17,Week,119,29,7,Saturday,Weekend,4/29/2023,4/30/2023
8499,4/7/2023,2023,4,April,14,Week,97,7,6,Friday,Weekday,4/8/2023,4/9/2023
8241,7/23/2022,2022,7,July,30,Week,204,23,7,Saturday,Weekend,7/23/2022,7/24/2022
8125,3/29/2022,2022,3,March,14,Week,88,29,3,Tuesday,Weekday,4/2/2022,4/3/2022
8105,3/9/2022,2022,3,March,11,Week,68,9,4,Wednesday,Weekday,3/12/2022,3/13/2022
8693,10/18/2023,2023,10,October,42,Week,291,18,4,Wednesday,Weekday,10/21/2023,10/22/2023
8291,9/11/2022,2022,9,September,38,Week,254,11,1,Sunday,Weekend,9/17/2022,9/11/2022
8084,2/16/2022,2022,2,February,8,Week,47,16,4,Wednesday,Weekday,2/19/2022,2/20/2022
8153,4/26/2022,2022,4,April,18,Week,116,26,3,Tuesday,Weekday,4/30/2022,5/1/2022
8397,12/26/2022,2022,12,December,53,Week,360,26,2,Monday,Weekday,12/31/2022,1/1/2023
8486,3/25/2023,2023,3,March,12,Week,84,25,7,Saturday,Weekend,3/25/2023,3/26/2023
8540,5/18/2023,2023,5,May,20,Week,138,18,5,Thursday,Weekday,5/20/2023,5/21/2023
8716,11/10/2023,2023,11,November,45,Week,314,10,6,Friday,Weekday,11/11/2023,11/12/2023
8274,8/25/2022,2022,8,August,35,Week,237,25,5,Thursday,Weekday,8/27/2022,8/28/2022
8335,10/25/2022,2022,10,October,44,Week,298,25,3,Tuesday,Weekday,10/29/2022,10/30/2022
8367,11/26/2022,2022,11,November,48,Week,330,26,7,Saturday,Weekend,11/26/2022,11/27/2022
8646,9/1/2023,2023,9,September,35,Week,244,1,6,Friday,Weekday,9/2/2023,9/3/2023
8038,1/1/2022,2022,1,January,1,Week,1,1,7,Saturday,Weekend,1/1/2022,1/2/2022
8766,12/30/2023,2023,12,December,52,Week,364,30,7,Saturday,Weekend,12/30/2023,12/31/2023
8375,12/4/2022,2022,12,December,50,Week,338,4,1,Sunday,Weekend,12/10/2022,12/4/2022
8522,4/30/2023,2023,4,April,18,Week,120,30,1,Sunday,Weekend,5/6/2023,4/30/2023
8500,4/8/2023,2023,4,April,14,Week,98,8,7,Saturday,Weekend,4/8/2023,4/9/2023
8242,7/24/2022,2022,7,July,31,Week,205,24,1,Sunday,Weekend,7/30/2022,7/24/2022
8126,3/30/2022,2022,3,March,14,Week,89,30,4,Wednesday,Weekday,4/2/2022,4/3/2022
8106,3/10/2022,2022,3,March,11,Week,69,10,5,Thursday,Weekday,3/12/2022,3/13/2022
8694,10/19/2023,2023,10,October,42,Week,292,19,5,Thursday,Weekday,10/21/2023,10/22/2023
8292,9/12/2022,2022,9,September,38,Week,255,12,2,Monday,Weekday,9/17/2022,9/18/2022
8085,2/17/2022,2022,2,February,8,Week,48,17,5,Thursday,Weekday,2/19/2022,2/20/2022
8154,4/27/2022,2022,4,April,18,Week,117,27,4,Wednesday,Weekday,4/30/2022,5/1/2022
8398,12/27/2022,2022,12,December,53,Week,361,27,3,Tuesday,Weekday,12/31/2022,1/1/2023
8487,3/26/2023,2023,3,March,13,Week,85,26,1,Sunday,Weekend,4/1/2023,3/26/2023
8541,5/19/2023,2023,5,May,20,Week,139,19,6,Friday,Weekday,5/20/2023,5/21/2023
8717,11/11/2023,2023,11,November,45,Week,315,11,7,Saturday,Weekend,11/11/2023,11/12/2023
8046,1/9/2022,2022,1,January,3,Week,9,9,1,Sunday,Weekend,1/15/2022,1/9/2022
8336,10/26/2022,2022,10,October,44,Week,299,26,4,Wednesday,Weekday,10/29/2022,10/30/2022
8368,11/27/2022,2022,11,November,49,Week,331,27,1,Sunday,Weekend,12/3/2022,11/27/2022
8647,9/2/2023,2023,9,September,35,Week,245,2,7,Saturday,Weekend,9/2/2023,9/3/2023
8039,1/2/2022,2022,1,January,2,Week,2,2,1,Sunday,Weekend,1/8/2022,1/2/2022
8767,12/31/2023,2023,12,December,53,Week,365,31,1,Sunday,Weekend,1/6/2024,12/31/2023
8376,12/5/2022,2022,12,December,50,Week,339,5,2,Monday,Weekday,12/10/2022,12/11/2022
8523,5/1/2023,2023,5,May,18,Week,121,1,2,Monday,Weekday,5/6/2023,5/7/2023
8501,4/9/2023,2023,4,April,15,Week,99,9,1,Sunday,Weekend,4/15/2023,4/9/2023
8243,7/25/2022,2022,7,July,31,Week,206,25,2,Monday,Weekday,7/30/2022,7/31/2022
8127,3/31/2022,2022,3,March,14,Week,90,31,5,Thursday,Weekday,4/2/2022,4/3/2022
8107,3/11/2022,2022,3,March,11,Week,70,11,6,Friday,Weekday,3/12/2022,3/13/2022
8695,10/20/2023,2023,10,October,42,Week,293,20,6,Friday,Weekday,10/21/2023,10/22/2023
8293,9/13/2022,2022,9,September,38,Week,256,13,3,Tuesday,Weekday,9/17/2022,9/18/2022
8086,2/18/2022,2022,2,February,8,Week,49,18,6,Friday,Weekday,2/19/2022,2/20/2022
8251,8/2/2022,2022,8,August,32,Week,214,2,3,Tuesday,Weekday,8/6/2022,8/7/2022
8399,12/28/2022,2022,12,December,53,Week,362,28,4,Wednesday,Weekday,12/31/2022,1/1/2023
8488,3/27/2023,2023,3,March,13,Week,86,27,2,Monday,Weekday,4/1/2023,4/2/2023
8542,5/20/2023,2023,5,May,20,Week,140,20,7,Saturday,Weekend,5/20/2023,5/21/2023
8718,11/12/2023,2023,11,November,46,Week,316,12,1,Sunday,Weekend,11/18/2023,11/12/2023
8047,1/10/2022,2022,1,January,3,Week,10,10,2,Monday,Weekday,1/15/2022,1/16/2022
8337,10/27/2022,2022,10,October,44,Week,300,27,5,Thursday,Weekday,10/29/2022,10/30/2022
8378,12/7/2022,2022,12,December,50,Week,341,7,4,Wednesday,Weekday,12/10/2022,12/11/2022
8648,9/3/2023,2023,9,September,36,Week,246,3,1,Sunday,Weekend,9/9/2023,9/3/2023
8040,1/3/2022,2022,1,January,2,Week,3,3,2,Monday,Weekday,1/8/2022,1/9/2022
8419,1/17/2023,2023,1,January,3,Week,17,17,3,Tuesday,Weekday,1/21/2023,1/22/2023
8377,12/6/2022,2022,12,December,50,Week,340,6,3,Tuesday,Weekday,12/10/2022,12/11/2022
8524,5/2/2023,2023,5,May,18,Week,122,2,3,Tuesday,Weekday,5/6/2023,5/7/2023
8502,4/10/2023,2023,4,April,15,Week,100,10,2,Monday,Weekday,4/15/2023,4/16/2023
8244,7/26/2022,2022,7,July,31,Week,207,26,3,Tuesday,Weekday,7/30/2022,7/31/2022
8128,4/1/2022,2022,4,April,14,Week,91,1,6,Friday,Weekday,4/2/2022,4/3/2022
8108,3/12/2022,2022,3,March,11,Week,71,12,7,Saturday,Weekend,3/12/2022,3/13/2022
8562,6/9/2023,2023,6,June,23,Week,160,9,6,Friday,Weekday,6/10/2023,6/11/2023
8087,2/19/2022,2022,2,February,8,Week,50,19,7,Saturday,Weekend,2/19/2022,2/20/2022
8198,6/10/2022,2022,6,June,24,Week,161,10,6,Friday,Weekday,6/11/2022,6/12/2022
8719,11/13/2023,2023,11,November,46,Week,317,13,2,Monday,Weekday,11/18/2023,11/19/2023
8048,1/11/2022,2022,1,January,3,Week,11,11,3,Tuesday,Weekday,1/15/2022,1/16/2022
8338,10/28/2022,2022,10,October,44,Week,301,28,6,Friday,Weekday,10/29/2022,10/30/2022
8379,12/8/2022,2022,12,December,50,Week,342,8,5,Thursday,Weekday,12/10/2022,12/11/2022
8649,9/4/2023,2023,9,September,36,Week,247,4,2,Monday,Weekday,9/9/2023,9/10/2023
8041,1/4/2022,2022,1,January,2,Week,4,4,3,Tuesday,Weekday,1/8/2022,1/9/2022
8420,1/18/2023,2023,1,January,3,Week,18,18,4,Wednesday,Weekday,1/21/2023,1/22/2023
8313,10/3/2022,2022,10,October,41,Week,276,3,2,Monday,Weekday,10/8/2022,10/9/2022
8525,5/3/2023,2023,5,May,18,Week,123,3,4,Wednesday,Weekday,5/6/2023,5/7/2023
8503,4/11/2023,2023,4,April,15,Week,101,11,3,Tuesday,Weekday,4/15/2023,4/16/2023
8194,6/6/2022,2022,6,June,24,Week,157,6,2,Monday,Weekday,6/11/2022,6/12/2022
8451,2/18/2023,2023,2,February,7,Week,49,18,7,Saturday,Weekend,2/18/2023,2/19/2023
8109,3/13/2022,2022,3,March,12,Week,72,13,1,Sunday,Weekend,3/19/2022,3/13/2022
8563,6/10/2023,2023,6,June,23,Week,161,10,7,Saturday,Weekend,6/10/2023,6/11/2023
8088,2/20/2022,2022,2,February,9,Week,51,20,1,Sunday,Weekend,2/26/2022,2/20/2022
8199,6/11/2022,2022,6,June,24,Week,162,11,7,Saturday,Weekend,6/11/2022,6/12/2022
8049,1/12/2022,2022,1,January,3,Week,12,12,4,Wednesday,Weekday,1/15/2022,1/16/2022
8339,10/29/2022,2022,10,October,44,Week,302,29,7,Saturday,Weekend,10/29/2022,10/30/2022
8380,12/9/2022,2022,12,December,50,Week,343,9,6,Friday,Weekday,12/10/2022,12/11/2022
8650,9/5/2023,2023,9,September,36,Week,248,5,3,Tuesday,Weekday,9/9/2023,9/10/2023
8042,1/5/2022,2022,1,January,2,Week,5,5,4,Wednesday,Weekday,1/8/2022,1/9/2022
8421,1/19/2023,2023,1,January,3,Week,19,19,5,Thursday,Weekday,1/21/2023,1/22/2023
8314,10/4/2022,2022,10,October,41,Week,277,4,3,Tuesday,Weekday,10/8/2022,10/9/2022
8526,5/4/2023,2023,5,May,18,Week,124,4,5,Thursday,Weekday,5/6/2023,5/7/2023
8504,4/12/2023,2023,4,April,15,Week,102,12,4,Wednesday,Weekday,4/15/2023,4/16/2023
8195,6/7/2022,2022,6,June,24,Week,158,7,3,Tuesday,Weekday,6/11/2022,6/12/2022
8452,2/19/2023,2023,2,February,8,Week,50,19,1,Sunday,Weekend,2/25/2023,2/19/2023
8091,2/23/2022,2022,2,February,9,Week,54,23,4,Wednesday,Weekday,2/26/2022,2/27/2022
8564,6/11/2023,2023,6,June,24,Week,162,11,1,Sunday,Weekend,6/17/2023,6/11/2023
8089,2/21/2022,2022,2,February,9,Week,52,21,2,Monday,Weekday,2/26/2022,2/27/2022
8200,6/12/2022,2022,6,June,25,Week,163,12,1,Sunday,Weekend,6/18/2022,6/12/2022
8050,1/13/2022,2022,1,January,3,Week,13,13,5,Thursday,Weekday,1/15/2022,1/16/2022
8340,10/30/2022,2022,10,October,45,Week,303,30,1,Sunday,Weekend,11/5/2022,10/30/2022
8665,9/20/2023,2023,9,September,38,Week,263,20,4,Wednesday,Weekday,9/23/2023,9/24/2023
8651,9/6/2023,2023,9,September,36,Week,249,6,4,Wednesday,Weekday,9/9/2023,9/10/2023
8043,1/6/2022,2022,1,January,2,Week,6,6,5,Thursday,Weekday,1/8/2022,1/9/2022
8422,1/20/2023,2023,1,January,3,Week,20,20,6,Friday,Weekday,1/21/2023,1/22/2023
8315,10/5/2022,2022,10,October,41,Week,278,5,4,Wednesday,Weekday,10/8/2022,10/9/2022
8527,5/5/2023,2023,5,May,18,Week,125,5,6,Friday,Weekday,5/6/2023,5/7/2023
8505,4/13/2023,2023,4,April,15,Week,103,13,5,Thursday,Weekday,4/15/2023,4/16/2023
8196,6/8/2022,2022,6,June,24,Week,159,8,4,Wednesday,Weekday,6/11/2022,6/12/2022
8453,2/20/2023,2023,2,February,8,Week,51,20,2,Monday,Weekday,2/25/2023,2/26/2023
8092,2/24/2022,2022,2,February,9,Week,55,24,5,Thursday,Weekday,2/26/2022,2/27/2022
8565,6/12/2023,2023,6,June,24,Week,163,12,2,Monday,Weekday,6/17/2023,6/18/2023
8090,2/22/2022,2022,2,February,9,Week,53,22,3,Tuesday,Weekday,2/26/2022,2/27/2022
8201,6/13/2022,2022,6,June,25,Week,164,13,2,Monday,Weekday,6/18/2022,6/19/2022
8051,1/14/2022,2022,1,January,3,Week,14,14,6,Friday,Weekday,1/15/2022,1/16/2022
8341,10/31/2022,2022,10,October,45,Week,304,31,2,Monday,Weekday,11/5/2022,11/6/2022
8666,9/21/2023,2023,9,September,38,Week,264,21,5,Thursday,Weekday,9/23/2023,9/24/2023
8535,5/13/2023,2023,5,May,19,Week,133,13,7,Saturday,Weekend,5/13/2023,5/14/2023
8044,1/7/2022,2022,1,January,2,Week,7,7,6,Friday,Weekday,1/8/2022,1/9/2022
8589,7/6/2023,2023,7,July,27,Week,187,6,5,Thursday,Weekday,7/8/2023,7/9/2023
8316,10/6/2022,2022,10,October,41,Week,279,6,5,Thursday,Weekday,10/8/2022,10/9/2022
8528,5/6/2023,2023,5,May,18,Week,126,6,7,Saturday,Weekend,5/6/2023,5/7/2023
8506,4/14/2023,2023,4,April,15,Week,104,14,6,Friday,Weekday,4/15/2023,4/16/2023
8197,6/9/2022,2022,6,June,24,Week,160,9,5,Thursday,Weekday,6/11/2022,6/12/2022
8454,2/21/2023,2023,2,February,8,Week,52,21,3,Tuesday,Weekday,2/25/2023,2/26/2023
8093,2/25/2022,2022,2,February,9,Week,56,25,6,Friday,Weekday,2/26/2022,2/27/2022
8566,6/13/2023,2023,6,June,24,Week,164,13,3,Tuesday,Weekday,6/17/2023,6/18/2023
8400,12/29/2022,2022,12,December,53,Week,363,29,5,Thursday,Weekday,12/31/2022,1/1/2023
8202,6/14/2022,2022,6,June,25,Week,165,14,3,Tuesday,Weekday,6/18/2022,6/19/2022
8052,1/15/2022,2022,1,January,3,Week,15,15,7,Saturday,Weekend,1/15/2022,1/16/2022
8342,11/1/2022,2022,11,November,45,Week,305,1,3,Tuesday,Weekday,11/5/2022,11/6/2022
8667,9/22/2023,2023,9,September,38,Week,265,22,6,Friday,Weekday,9/23/2023,9/24/2023
8536,5/14/2023,2023,5,May,20,Week,134,14,1,Sunday,Weekend,5/20/2023,5/14/2023
8045,1/8/2022,2022,1,January,2,Week,8,8,7,Saturday,Weekend,1/8/2022,1/9/2022
8590,7/7/2023,2023,7,July,27,Week,188,7,6,Friday,Weekday,7/8/2023,7/9/2023
8317,10/7/2022,2022,10,October,41,Week,280,7,6,Friday,Weekday,10/8/2022,10/9/2022
8529,5/7/2023,2023,5,May,19,Week,127,7,1,Sunday,Weekend,5/13/2023,5/7/2023
8507,4/15/2023,2023,4,April,15,Week,105,15,7,Saturday,Weekend,4/15/2023,4/16/2023
8668,9/23/2023,2023,9,September,38,Week,266,23,7,Saturday,Weekend,9/23/2023,9/24/2023
8455,2/22/2023,2023,2,February,8,Week,53,22,4,Wednesday,Weekday,2/25/2023,2/26/2023
8094,2/26/2022,2022,2,February,9,Week,57,26,7,Saturday,Weekend,2/26/2022,2/27/2022
8567,6/14/2023,2023,6,June,24,Week,165,14,4,Wednesday,Weekday,6/17/2023,6/18/2023
8401,12/30/2022,2022,12,December,53,Week,364,30,6,Friday,Weekday,12/31/2022,1/1/2023
8203,6/15/2022,2022,6,June,25,Week,166,15,4,Wednesday,Weekday,6/18/2022,6/19/2022
8053,1/16/2022,2022,1,January,4,Week,16,16,1,Sunday,Weekend,1/22/2022,1/16/2022
8431,1/29/2023,2023,1,January,5,Week,29,29,1,Sunday,Weekend,2/4/2023,1/29/2023
8512,4/20/2023,2023,4,April,16,Week,110,20,5,Thursday,Weekday,4/22/2023,4/23/2023
8591,7/8/2023,2023,7,July,27,Week,189,8,7,Saturday,Weekend,7/8/2023,7/9/2023
8318,10/8/2022,2022,10,October,41,Week,281,8,7,Saturday,Weekend,10/8/2022,10/9/2022
8530,5/8/2023,2023,5,May,19,Week,128,8,2,Monday,Weekday,5/13/2023,5/14/2023
8075,2/7/2022,2022,2,February,7,Week,38,7,2,Monday,Weekday,2/12/2022,2/13/2022
8669,9/24/2023,2023,9,September,39,Week,267,24,1,Sunday,Weekend,9/30/2023,9/24/2023
8456,2/23/2023,2023,2,February,8,Week,54,23,5,Thursday,Weekday,2/25/2023,2/26/2023
8095,2/27/2022,2022,2,February,10,Week,58,27,1,Sunday,Weekend,3/5/2022,2/27/2022
8568,6/15/2023,2023,6,June,24,Week,166,15,5,Thursday,Weekday,6/17/2023,6/18/2023
8402,12/31/2022,2022,12,December,53,Week,365,31,7,Saturday,Weekend,12/31/2022,1/1/2023
8204,6/16/2022,2022,6,June,25,Week,167,16,5,Thursday,Weekday,6/18/2022,6/19/2022
8054,1/17/2022,2022,1,January,4,Week,17,17,2,Monday,Weekday,1/22/2022,1/23/2022
8432,1/30/2023,2023,1,January,5,Week,30,30,2,Monday,Weekday,2/4/2023,2/5/2023
8513,4/21/2023,2023,4,April,16,Week,111,21,6,Friday,Weekday,4/22/2023,4/23/2023
8592,7/9/2023,2023,7,July,28,Week,190,9,1,Sunday,Weekend,7/15/2023,7/9/2023
8319,10/9/2022,2022,10,October,42,Week,282,9,1,Sunday,Weekend,10/15/2022,10/9/2022
8531,5/9/2023,2023,5,May,19,Week,129,9,3,Tuesday,Weekday,5/13/2023,5/14/2023
8076,2/8/2022,2022,2,February,7,Week,39,8,3,Tuesday,Weekday,2/12/2022,2/13/2022
8670,9/25/2023,2023,9,September,39,Week,268,25,2,Monday,Weekday,9/30/2023,10/1/2023
8457,2/24/2023,2023,2,February,8,Week,55,24,6,Friday,Weekday,2/25/2023,2/26/2023
8096,2/28/2022,2022,2,February,10,Week,59,28,2,Monday,Weekday,3/5/2022,3/6/2022
8569,6/16/2023,2023,6,June,24,Week,167,16,6,Friday,Weekday,6/17/2023,6/18/2023
8403,1/1/2023,2023,1,January,1,Week,1,1,1,Sunday,Weekend,1/7/2023,1/1/2023
8205,6/17/2022,2022,6,June,25,Week,168,17,6,Friday,Weekday,6/18/2022,6/19/2022
8633,8/19/2023,2023,8,August,33,Week,231,19,7,Saturday,Weekend,8/19/2023,8/20/2023
8433,1/31/2023,2023,1,January,5,Week,31,31,3,Tuesday,Weekday,2/4/2023,2/5/2023
8514,4/22/2023,2023,4,April,16,Week,112,22,7,Saturday,Weekend,4/22/2023,4/23/2023
8593,7/10/2023,2023,7,July,28,Week,191,10,2,Monday,Weekday,7/15/2023,7/16/2023
8320,10/10/2022,2022,10,October,42,Week,283,10,2,Monday,Weekday,10/15/2022,10/16/2022
8720,11/14/2023,2023,11,November,46,Week,318,14,3,Tuesday,Weekday,11/18/2023,11/19/2023
8077,2/9/2022,2022,2,February,7,Week,40,9,4,Wednesday,Weekday,2/12/2022,2/13/2022
8671,9/26/2023,2023,9,September,39,Week,269,26,3,Tuesday,Weekday,9/30/2023,10/1/2023
8458,2/25/2023,2023,2,February,8,Week,56,25,7,Saturday,Weekend,2/25/2023,2/26/2023
8097,3/1/2022,2022,3,March,10,Week,60,1,3,Tuesday,Weekday,3/5/2022,3/6/2022
8570,6/17/2023,2023,6,June,24,Week,168,17,7,Saturday,Weekend,6/17/2023,6/18/2023
8404,1/2/2023,2023,1,January,1,Week,2,2,2,Monday,Weekday,1/7/2023,1/8/2023
8206,6/18/2022,2022,6,June,25,Week,169,18,7,Saturday,Weekend,6/18/2022,6/19/2022
8634,8/20/2023,2023,8,August,34,Week,232,20,1,Sunday,Weekend,8/26/2023,8/20/2023
8434,2/1/2023,2023,2,February,5,Week,32,1,4,Wednesday,Weekday,2/4/2023,2/5/2023
8423,1/21/2023,2023,1,January,3,Week,21,21,7,Saturday,Weekend,1/21/2023,1/22/2023
8594,7/11/2023,2023,7,July,28,Week,192,11,3,Tuesday,Weekday,7/15/2023,7/16/2023
8321,10/11/2022,2022,10,October,42,Week,284,11,3,Tuesday,Weekday,10/15/2022,10/16/2022
8721,11/15/2023,2023,11,November,46,Week,319,15,4,Wednesday,Weekday,11/18/2023,11/19/2023
8078,2/10/2022,2022,2,February,7,Week,41,10,5,Thursday,Weekday,2/12/2022,2/13/2022
8672,9/27/2023,2023,9,September,39,Week,270,27,4,Wednesday,Weekday,9/30/2023,10/1/2023
8459,2/26/2023,2023,2,February,9,Week,57,26,1,Sunday,Weekend,3/4/2023,2/26/2023
8098,3/2/2022,2022,3,March,10,Week,61,2,4,Wednesday,Weekday,3/5/2022,3/6/2022
8571,6/18/2023,2023,6,June,25,Week,169,18,1,Sunday,Weekend,6/24/2023,6/18/2023
8207,6/19/2022,2022,6,June,26,Week,170,19,1,Sunday,Weekend,6/25/2022,6/19/2022
8635,8/21/2023,2023,8,August,34,Week,233,21,2,Monday,Weekday,8/26/2023,8/27/2023
8435,2/2/2023,2023,2,February,5,Week,33,2,5,Thursday,Weekday,2/4/2023,2/5/2023
8424,1/22/2023,2023,1,January,4,Week,22,22,1,Sunday,Weekend,1/28/2023,1/22/2023
8595,7/12/2023,2023,7,July,28,Week,193,12,4,Wednesday,Weekday,7/15/2023,7/16/2023
8322,10/12/2022,2022,10,October,42,Week,285,12,4,Wednesday,Weekday,10/15/2022,10/16/2022
8722,11/16/2023,2023,11,November,46,Week,320,16,5,Thursday,Weekday,11/18/2023,11/19/2023
8079,2/11/2022,2022,2,February,7,Week,42,11,6,Friday,Weekday,2/12/2022,2/13/2022
8673,9/28/2023,2023,9,September,39,Week,271,28,5,Thursday,Weekday,9/30/2023,10/1/2023
8460,2/27/2023,2023,2,February,9,Week,58,27,2,Monday,Weekday,3/4/2023,3/5/2023
8099,3/3/2022,2022,3,March,10,Week,62,3,5,Thursday,Weekday,3/5/2022,3/6/2022
8572,6/19/2023,2023,6,June,25,Week,170,19,2,Monday,Weekday,6/24/2023,6/25/2023
8208,6/20/2022,2022,6,June,26,Week,171,20,2,Monday,Weekday,6/25/2022,6/26/2022
8636,8/22/2023,2023,8,August,34,Week,234,22,3,Tuesday,Weekday,8/26/2023,8/27/2023
8467,3/6/2023,2023,3,March,10,Week,65,6,2,Monday,Weekday,3/11/2023,3/12/2023
8425,1/23/2023,2023,1,January,4,Week,23,23,2,Monday,Weekday,1/28/2023,1/29/2023
8596,7/13/2023,2023,7,July,28,Week,194,13,5,Thursday,Weekday,7/15/2023,7/16/2023
8323,10/13/2022,2022,10,October,42,Week,286,13,5,Thursday,Weekday,10/15/2022,10/16/2022
8080,2/12/2022,2022,2,February,7,Week,43,12,7,Saturday,Weekend,2/12/2022,2/13/2022
8674,9/29/2023,2023,9,September,39,Week,272,29,6,Friday,Weekday,9/30/2023,10/1/2023
8461,2/28/2023,2023,2,February,9,Week,59,28,3,Tuesday,Weekday,3/4/2023,3/5/2023
8100,3/4/2022,2022,3,March,10,Week,63,4,6,Friday,Weekday,3/5/2022,3/6/2022
8573,6/20/2023,2023,6,June,25,Week,171,20,3,Tuesday,Weekday,6/24/2023,6/25/2023
8209,6/21/2022,2022,6,June,26,Week,172,21,3,Tuesday,Weekday,6/25/2022,6/26/2022
8637,8/23/2023,2023,8,August,34,Week,235,23,4,Wednesday,Weekday,8/26/2023,8/27/2023
8468,3/7/2023,2023,3,March,10,Week,66,7,3,Tuesday,Weekday,3/11/2023,3/12/2023
8426,1/24/2023,2023,1,January,4,Week,24,24,3,Tuesday,Weekday,1/28/2023,1/29/2023
8597,7/14/2023,2023,7,July,28,Week,195,14,6,Friday,Weekday,7/15/2023,7/16/2023
8324,10/14/2022,2022,10,October,42,Week,287,14,6,Friday,Weekday,10/15/2022,10/16/2022
8081,2/13/2022,2022,2,February,8,Week,44,13,1,Sunday,Weekend,2/19/2022,2/13/2022
8675,9/30/2023,2023,9,September,39,Week,273,30,7,Saturday,Weekend,9/30/2023,10/1/2023
8462,3/1/2023,2023,3,March,9,Week,60,1,4,Wednesday,Weekday,3/4/2023,3/5/2023
8574,6/21/2023,2023,6,June,25,Week,172,21,4,Wednesday,Weekday,6/24/2023,6/25/2023
8210,6/22/2022,2022,6,June,26,Week,173,22,4,Wednesday,Weekday,6/25/2022,6/26/2022
8638,8/24/2023,2023,8,August,34,Week,236,24,5,Thursday,Weekday,8/26/2023,8/27/2023
8469,3/8/2023,2023,3,March,10,Week,67,8,4,Wednesday,Weekday,3/11/2023,3/12/2023
8171,5/14/2022,2022,5,May,20,Week,134,14,7,Saturday,Weekend,5/14/2022,5/15/2022
8598,7/15/2023,2023,7,July,28,Week,196,15,7,Saturday,Weekend,7/15/2023,7/16/2023
8325,10/15/2022,2022,10,October,42,Week,288,15,7,Saturday,Weekend,10/15/2022,10/16/2022
8082,2/14/2022,2022,2,February,8,Week,45,14,2,Monday,Weekday,2/19/2022,2/20/2022
8676,10/1/2023,2023,10,October,40,Week,274,1,1,Sunday,Weekend,10/7/2023,10/1/2023
8463,3/2/2023,2023,3,March,9,Week,61,2,5,Thursday,Weekday,3/4/2023,3/5/2023
8575,6/22/2023,2023,6,June,25,Week,173,22,5,Thursday,Weekday,6/24/2023,6/25/2023
8211,6/23/2022,2022,6,June,26,Week,174,23,5,Thursday,Weekday,6/25/2022,6/26/2022
8639,8/25/2023,2023,8,August,34,Week,237,25,6,Friday,Weekday,8/26/2023,8/27/2023
8172,5/15/2022,2022,5,May,21,Week,135,15,1,Sunday,Weekend,5/21/2022,5/15/2022
8599,7/16/2023,2023,7,July,29,Week,197,16,1,Sunday,Weekend,7/22/2023,7/16/2023
8326,10/16/2022,2022,10,October,43,Week,289,16,1,Sunday,Weekend,10/22/2022,10/16/2022
8083,2/15/2022,2022,2,February,8,Week,46,15,3,Tuesday,Weekday,2/19/2022,2/20/2022
8464,3/3/2023,2023,3,March,9,Week,62,3,6,Friday,Weekday,3/4/2023,3/5/2023
8576,6/23/2023,2023,6,June,25,Week,174,23,6,Friday,Weekday,6/24/2023,6/25/2023
8212,6/24/2022,2022,6,June,26,Week,175,24,6,Friday,Weekday,6/25/2022,6/26/2022
8640,8/26/2023,2023,8,August,34,Week,238,26,7,Saturday,Weekend,8/26/2023,8/27/2023
8173,5/16/2022,2022,5,May,21,Week,136,16,2,Monday,Weekday,5/21/2022,5/22/2022
8600,7/17/2023,2023,7,July,29,Week,198,17,2,Monday,Weekday,7/22/2023,7/23/2023
8327,10/17/2022,2022,10,October,43,Week,290,17,2,Monday,Weekday,10/22/2022,10/23/2022
8465,3/4/2023,2023,3,March,9,Week,63,4,7,Saturday,Weekend,3/4/2023,3/5/2023
8577,6/24/2023,2023,6,June,25,Week,175,24,7,Saturday,Weekend,6/24/2023,6/25/2023
8213,6/25/2022,2022,6,June,26,Week,176,25,7,Saturday,Weekend,6/25/2022,6/26/2022
8641,8/27/2023,2023,8,August,35,Week,239,27,1,Sunday,Weekend,9/2/2023,8/27/2023
8174,5/17/2022,2022,5,May,21,Week,137,17,3,Tuesday,Weekday,5/21/2022,5/22/2022
8601,7/18/2023,2023,7,July,29,Week,199,18,3,Tuesday,Weekday,7/22/2023,7/23/2023
8328,10/18/2022,2022,10,October,43,Week,291,18,3,Tuesday,Weekday,10/22/2022,10/23/2022
8466,3/5/2023,2023,3,March,10,Week,64,5,1,Sunday,Weekend,3/11/2023,3/5/2023
8578,6/25/2023,2023,6,June,26,Week,176,25,1,Sunday,Weekend,7/1/2023,6/25/2023
8214,6/26/2022,2022,6,June,27,Week,177,26,1,Sunday,Weekend,7/2/2022,6/26/2022
8642,8/28/2023,2023,8,August,35,Week,240,28,2,Monday,Weekday,9/2/2023,9/3/2023
8175,5/18/2022,2022,5,May,21,Week,138,18,4,Wednesday,Weekday,5/21/2022,5/22/2022
8602,7/19/2023,2023,7,July,29,Week,200,19,4,Wednesday,Weekday,7/22/2023,7/23/2023
8329,10/19/2022,2022,10,October,43,Week,292,19,4,Wednesday,Weekday,10/22/2022,10/23/2022
8579,6/26/2023,2023,6,June,26,Week,177,26,2,Monday,Weekday,7/1/2023,7/2/2023
8215,6/27/2022,2022,6,June,27,Week,178,27,2,Monday,Weekday,7/2/2022,7/3/2022
8176,5/19/2022,2022,5,May,21,Week,139,19,5,Thursday,Weekday,5/21/2022,5/22/2022
8603,7/20/2023,2023,7,July,29,Week,201,20,5,Thursday,Weekday,7/22/2023,7/23/2023
8330,10/20/2022,2022,10,October,43,Week,293,20,5,Thursday,Weekday,10/22/2022,10/23/2022
8580,6/27/2023,2023,6,June,26,Week,178,27,3,Tuesday,Weekday,7/1/2023,7/2/2023
8216,6/28/2022,2022,6,June,27,Week,179,28,3,Tuesday,Weekday,7/2/2022,7/3/2022
8177,5/20/2022,2022,5,May,21,Week,140,20,6,Friday,Weekday,5/21/2022,5/22/2022
8604,7/21/2023,2023,7,July,29,Week,202,21,6,Friday,Weekday,7/22/2023,7/23/2023
8331,10/21/2022,2022,10,October,43,Week,294,21,6,Friday,Weekday,10/22/2022,10/23/2022
8178,5/21/2022,2022,5,May,21,Week,141,21,7,Saturday,Weekend,5/21/2022,5/22/2022
8605,7/22/2023,2023,7,July,29,Week,203,22,7,Saturday,Weekend,7/22/2023,7/23/2023
8606,7/23/2023,2023,7,July,30,Week,204,23,1,Sunday,Weekend,7/29/2023,7/23/2023
8607,7/24/2023,2023,7,July,30,Week,205,24,2,Monday,Weekday,7/29/2023,7/30/2023
